BHARTI AIRTEL LTD

Pan India

CDR OF MSISDN : 9157495490 from 06-Apr-2023 00:00:00 to 13-Apr-2023 23:59:59

MSISDN,IMEI,IMSI,Downlink_Vol,Uplink_Vol,Session_Start_Time,Session_End_Time,Pre_Post,Home_Roaming_Circle,Roaming_Network_Indicator,ICR_Operator_Name,Home_Circle,Translated_IP_Public_IPv4,Public_IPv6,Translated_Port_Public_Port,Destination_IP,Destination_Port,Source_IP,Source_Port,Duration,Charging_ID,Access_Point_Name,PDP_Address,PGW_GGSN_IP_Address,2g/3g/4g/5g,CELL ID
No Records Found
 This is System generated report, and needs no signature.

 14-Apr-2023 11:43:04